"revision","engine","rows","repetitions","coordinate_mode","coordinate_pairs","rows_per_coordinate_pair","unique_timestamp_coordinate_triplets","median_seconds","na_data","na_Tg","na_Tnwb"
"pre_fork","pre",100,3,"unique_timestamp_fixed_coordinate",1,100,100,0.074,0,0,0
"heatstressr_2.4.0_scalar","scalar",100,3,"unique_timestamp_fixed_coordinate",1,100,100,0.125,0,0,0
"heatstressr_2.4.0_batch","batch",100,3,"unique_timestamp_fixed_coordinate",1,100,100,0.095,0,0,0
"pre_fork","pre",1000,3,"unique_timestamp_fixed_coordinate",1,1000,1000,0.488,0,0,0
"heatstressr_2.4.0_scalar","scalar",1000,3,"unique_timestamp_fixed_coordinate",1,1000,1000,0.300,0,0,0
"heatstressr_2.4.0_batch","batch",1000,3,"unique_timestamp_fixed_coordinate",1,1000,1000,0.013,0,0,0
"pre_fork","pre",10000,3,"unique_timestamp_fixed_coordinate",1,10000,10000,4.945,0,0,0
"heatstressr_2.4.0_scalar","scalar",10000,3,"unique_timestamp_fixed_coordinate",1,10000,10000,3.063,0,0,0
"heatstressr_2.4.0_batch","batch",10000,3,"unique_timestamp_fixed_coordinate",1,10000,10000,0.090,0,0,0
"pre_fork","pre",100000,3,"unique_timestamp_fixed_coordinate",1,100000,100000,49.423,0,0,0
"heatstressr_2.4.0_scalar","scalar",100000,3,"unique_timestamp_fixed_coordinate",1,100000,100000,31.329,0,0,0
"heatstressr_2.4.0_batch","batch",100000,3,"unique_timestamp_fixed_coordinate",1,100000,100000,0.951,0,0,0
